Date,Segment 1 - Sandesh Brand 3Sandesh Brand 3BroadbandTortoiseLeavers - Tortoise
2019-04-01,0.2717737451346631
2019-05-01,0.2610669211501987
2019-06-01,0.24129982511557296
2019-07-01,0.3160343602949199
2019-08-01,0.28976380776094673
2019-09-01,0.31605074108603304
2019-10-01,0.4089990214185878
2019-11-01,0.3410226922831408
2019-12-01,0.24464856718847705
2020-01-01,0.29046027381068795
2020-02-01,0.27162547073234594
2020-03-01,0.21942638528574449
